{"cameraMode":{"drawMode":0,"name":"Shaded","section":"Shading Mode"},"sceneLighting":true,"audioPlay":false,"sceneViewState":{"m_AlwaysRefresh":false,"showFog":true,"showSkybox":true,"showFlares":true,"showImageEffects":true,"showParticleSystems":true,"showVisualEffectGraphs":true,"m_FxEnabled":true},"in2DMode":false,"pivot":{"x":-134.58413696289063,"y":5.6986284255981449,"z":340.5328063964844},"rotation":{"x":-0.040728144347667697,"y":-0.11840732395648956,"z":0.0048539661802351479,"w":-0.9922086000442505},"size":0.2897084355354309,"orthographic":false}